{
    "$schema": "https://go.kicad.org/pcm/schemas/v1",
    "name": "Fanout Tool",
    "description": "Generate artistic, vector-based QR codes for PCBs with custom shapes, liquid styles, and logo embedding",
    "description_full": "Generate artistic, vector-based QR codes for PCBs with custom shapes, liquid styles, and logo embedding",
    "identifier": "vn.thanhduongvs.fanout-tool",
    "type": "plugin",
    "runtime": {
        "type": "python",
        "min_version": "3.10"
    },
    "author": {
        "name": "Thanh Duong",
        "contact": {
            "github": "https://github.com/thanhduongvs"
        }
    },
    "license": "MIT",
    "resources": {
        "homepage": "https://github.com/thanhduongvs/kicad-fanout-tool"
    },
    "versions": [
        {
            "version": "1.0.0",
            "status": "stable",
            "kicad_version": "9.0",
            "runtime": "ipc",
            "platforms": [
                "linux",
                "windows"
            ]
        }
    ]
}